,,,,,,,,,,,,,,,,,,,,,,,,,,,,,,,,,,,,,,,,,,,,
,,,,,BIO - DATA,,,,,,,,,,,,,,,,,,,,,,,,,,,,,,,,,,,,,,,
,,,,,,,,,,,,,,,,,,,,,,,,,,,,,,,,,,,,,,,,,,,,
,,,,,,Crew code,,,,0235,,,,,,Present Rank,,,WPR,,,,,,Prepared by,,,,Phạm Hồng Linh,,,,,,,Date Prepared,,,11-Dec-2025,,,,,
,,,,,,,,,,,,,,,,,,,,,,,,,,,,,,,,,,,,,,,,,,,,
,,,,,,,,,,,,,,,,,,,,,,,,,,,,,,,,,,,,,,,,,,,,
1. Personal Particular,,,,,,,,,,,,,,,,,,,,,,,,,,,,,,,,,,,,,,,,,,,,
,,,,,,,Name,,,,Family name,,,,Middle name,,,,,,First name,,,,,Date of Birth,,,,Place of Birth,,,,,,,,Nationality,,,,,,
,,,,,,,,,,,HOANG,,,,VAN,,,,,,HAI,,,,,4/20/1994,,,,THANH HOA,,,,,,,,Vietnamese,,,,,,
,,,,,,,ID No.,,,,038094024335,,,,,,,,,,Address,,"TDP Nam Thành, phường Ngọc Sơn, tỉnh Thanh Hóa",,,,,,,,,,,,,,,,,,,,,
,,,,,,,Home Tel,,,,,,,,Hand phone,,,0367839744,,,Email,,hoanghai200494@gmail.com,,,,,,,,,,Marial status,,,,,Single,,,,,,
,,,,,,,Height,,,,163,,,,Weight,,,52,,,Overall size,,160,,,Shoe's size,,,,24,,Catering size,,,,,,Blood Group,,,B,,,
,,,,,,,"Contact person/
 Next of Kin",,,,Name,,,,Hoang Van Thuy,,,,,,Phone No.,,0386147308,,,,,,,Covid-19 Vaccinated,,,,,,,,Smoker,,,,,,
,,,,,,,,,,,Relation,,,,Bố,,,,,,Address,,"TDP Nam Thành, phường Ngọc Sơn, tỉnh Thanh Hóa",,,,,,,,,,,,,,,,,,,,,
2. Education,,,,,,,,,,,,,,,,,,,,,,,,,,,,,,,,,,,,,,,,,,,,
University / Collegge / School name,,,,,,,,,,,Vietnam Maritime University,,,,,,,,,,Course,,Engine,,,,,,,Period,,6 years,,,,Year of graduation,,,,,2019,,,
3. Immigration Documents,,,,,,,,,,,,,,,,,,,,,,,,,,,,,,,,,,,,,,,,,,,,
Name of Document,,,,,,,,,,,,,,,Issued by,,,,,,Number,,,,,Date of Issue,,,,Date of expiry,,,Remark,,,,,,,,,,,
Passport,,,,,,,,,,,,,,,Vietnam,,,,,,E02396651,,,,,8/15/2024,,,,8/15/2034,,,,,,,,,,,,,,
Seaman book,,,,,,,,,,,,,,,Vietnam,,,,,,VN047900-01,,,,,6/21/2024,,,,,,,,,,,,,,,,,,
,VISA,,,,,,,MCV,,,,,,,,,,,,,,,,,,,,,,,,,,,,,,,,,,,,
,VISA,,,,,,,US,,,,,,,,,,,,,,,,,,,,,,,,,,,,,,,,,,,,
,VISA,,,,,,,Schengen,,,,,,,,,,,,,,,,,,,,,,,,,,,,,,,,,,,,
,VISA,,,,,,,Australia,,,,,,,,,,,,,,,,,,,,,,,,,,,,,,,,,,,,
4. Licenses,,,,,,,,,,,,,,,,,,,,,,,,,,,,,,,,,,,,,,,,,,,,
No.,,,Name,,,,,,,,,,,,Issued by,,,,,,Number,,,,,Date of issue,,,,Date of expiry,,,Remark,,,,,,,,,,,
4.1. National Licenses (Vietnam),,,,,,,,,,,,,,,,,,,,,,,,,,,,,,,,,,,,,,,,,,,,
1,,,Watch keeping,,,,,,,,,,,,VietNam,,,,,,A19147.OSE-01,,,,,7/4/2024,,,,7/4/2029,,,,,,,,,,,,,,
4.2. Flag Licenses,,,,,,,,,,,,,,,,,,,,,,,,,,,,,,,,,,,,,,,,,,,,
1,,,WPR (Panama),,,,,,,,,,,,,,,,,,,,,,,,,,,,,,,,,,,,,,,,,
2,,,SDSD Endor,,,,,,,,,,,,,,,,,,,,,,,,,,,,,,,,,,,,,,,,,
5. Training Certificate,,,,,,,,,,,,,,,,,,,,,,,,,,,,,,,,,,,,,,,,,,,,
5.1. Training Certificate (required by STCW),,,,,,,,,,,,,,,,,,,,,,,,,,,,,,,,,,,,,,,,,,,,
1,,,Basic Safety Training,,,,,,,,,,,,VietNam,,,,,,B8758.BT/BNHP,,,,,6/3/2024,,,,6/3/2029,,,,,,,,,,,,,,
2,,,Security Awareness,,,,,,,,,,,,VietNam,,,,,,C1360.SA/BNHP,,,,,6/6/2024,,,,6/6/2029,,,,,,,,,,,,,,
3,,,Security Training for Seafarer with Designated Security Duties,,,,,,,,,,,,VietNam,,,,,,D588.SD/BNHP,,,,,6/4/2024,,,,6/4/2029,,,,,,,,,,,,,,
4,,,Proficiency in Survival Craft Rescue Boats and Fast Rescue Boats,,,,,,,,,,,,VietNam,,,,,,C7033.PS/BNHP,,,,,7/19/2025,,,,7/19/2030,,,,,,,,,,,,,,
5.2. Training Certificate (required by Owner),,,,,,,,,,,,,,,,,,,,,,,,,,,,,,,,,,,,,,,,,,,,
1,,,MENTAL HEALTH,,,,,,,,,,,,VietNam,,,,,,,,,,,9/16/2025,,,,9/16/2030,,,,,,,,,,,,,,
5.3. In house training course,,,,,,,,,,,,,,,,,,,,,,,,,,,,,,,,,,,,,,,,,,,,
1,,,Orientation & Safety Training for New Rating,,,,,,,,,,,,VINIC,,,,,,,,,,,7/17/2025,,,,,,,,,,,,,,,,,,
2,,,Mental Health Training,,,,,,,,,,,,VINIC,,,,,,,,,,,9/12/2025,,,,,,,,,,,,,,,,,,
6. Other certificate,,,,,,,,,,,,,,,,,,,,,,,,,,,,,,,,,,,,,,,,,,,,
1,,,Yellow fever vaccination,,,,,,,,,,,,VietNam,,,,,,R3E618V,,,,,3/11/2020,,,,,,,,,,,,,,,,,,
2,,,Medical Cert.,,,,,,,,,,,,,,,,,,,,,,,,,,,,,,,,,,,,,,,,,
3,,,Covid 19 Vaccination,,,,,,,,,,,,VietNam,,,,,,,,,,,,,,,,,,,,,,,,,,,,,
7. Service records,,,,,,,,,,,,,,,,,,,,,,,,,,,,,,,,,,,,,,,,,,,,
Rank,,Vessel,,,,,,Vessel's general information,,,,,,,,,,Engine Detail,,,,,Ballast Water Treatment System,,,,,,Exhaust Gas Scrubber,,,,ECDIS,,,,,Boarding Records,,,,,,
,,,,,,,,Flag,Type,,,GRT,,Trade Area,,,Year Built,Maker,,Type/Model,,K.W,Maker,,,,,Type/Model,Maker,,Type/Model,,Maker,,,,Type/Model,Embark Date,,Disembark Date,,Duration,,
E/CDT,,SEACON RIZHAO,,,,,,Panama,BULK,,,12979,,W.W,,,2010,N/A,,N/A,,3751,,,,,,,,,,,,,,,,11/19/2024,,2/23/2025,,3.20,,
8. Remark,,,,,,,,,,,,,,,,,,,,,,,,,,,,,,,,,,,,,,,,,,,,
,,,,,,,,,,,,,,,,,,,,,,,,,,,,,,,,,,,,,,,,,,,,
