"scenario","repetition","iteration","timestamp_utc","pending_before","pending_after","trigger_latency_ms","response_json"
"LAN-100","1","1","2026-03-22T05:18:01.9686333Z","100","100","140.059","{""message"":""Đồng bộ hoàn tất"",""totalSynced"":0,""pendingRecords"":100}"
"LAN-100","1","2","2026-03-22T05:18:04.0627591Z","100","100","21.582","{""message"":""Đồng bộ hoàn tất"",""totalSynced"":0,""pendingRecords"":100}"
"LAN-100","1","3","2026-03-22T05:18:06.1221650Z","100","100","21.774","{""message"":""Đồng bộ hoàn tất"",""totalSynced"":0,""pendingRecords"":100}"
"LAN-100","1","4","2026-03-22T05:18:08.1871426Z","100","100","21.74","{""message"":""Đồng bộ hoàn tất"",""totalSynced"":0,""pendingRecords"":100}"
"LAN-100","1","5","2026-03-22T05:18:10.2542750Z","100","100","22.439","{""message"":""Đồng bộ hoàn tất"",""totalSynced"":0,""pendingRecords"":100}"
"LAN-100","1","6","2026-03-22T05:18:12.3440195Z","100","100","20.538","{""message"":""Đồng bộ hoàn tất"",""totalSynced"":0,""pendingRecords"":100}"
"LAN-100","1","7","2026-03-22T05:18:14.4951156Z","100","100","66.548","{""message"":""Đồng bộ hoàn tất"",""totalSynced"":0,""pendingRecords"":100}"
"LAN-100","1","8","2026-03-22T05:18:16.5618576Z","100","100","27.452","{""message"":""Đồng bộ hoàn tất"",""totalSynced"":0,""pendingRecords"":100}"
"LAN-100","1","9","2026-03-22T05:18:18.6308783Z","100","100","23.269","{""message"":""Đồng bộ hoàn tất"",""totalSynced"":0,""pendingRecords"":100}"
"LAN-100","1","10","2026-03-22T05:18:20.7006050Z","100","100","22.314","{""message"":""Đồng bộ hoàn tất"",""totalSynced"":0,""pendingRecords"":100}"
"LAN-100","1","11","2026-03-22T05:18:22.7754789Z","100","100","23.557","{""message"":""Đồng bộ hoàn tất"",""totalSynced"":0,""pendingRecords"":100}"
"LAN-100","1","12","2026-03-22T05:18:24.8368510Z","100","100","22.106","{""message"":""Đồng bộ hoàn tất"",""totalSynced"":0,""pendingRecords"":100}"
"LAN-100","1","13","2026-03-22T05:18:26.9029439Z","100","100","21.662","{""message"":""Đồng bộ hoàn tất"",""totalSynced"":0,""pendingRecords"":100}"
"LAN-100","1","14","2026-03-22T05:18:28.9736690Z","100","100","21.826","{""message"":""Đồng bộ hoàn tất"",""totalSynced"":0,""pendingRecords"":100}"
"LAN-100","1","15","2026-03-22T05:18:31.0391383Z","100","100","22.746","{""message"":""Đồng bộ hoàn tất"",""totalSynced"":0,""pendingRecords"":100}"
"LAN-100","1","16","2026-03-22T05:18:33.1114917Z","100","100","22.119","{""message"":""Đồng bộ hoàn tất"",""totalSynced"":0,""pendingRecords"":100}"
"LAN-100","1","17","2026-03-22T05:18:35.1848007Z","100","100","25.031","{""message"":""Đồng bộ hoàn tất"",""totalSynced"":0,""pendingRecords"":100}"
"LAN-100","1","18","2026-03-22T05:18:37.2547906Z","100","100","27.282","{""message"":""Đồng bộ hoàn tất"",""totalSynced"":0,""pendingRecords"":100}"
"LAN-100","1","19","2026-03-22T05:18:39.3326462Z","100","100","25.382","{""message"":""Đồng bộ hoàn tất"",""totalSynced"":0,""pendingRecords"":100}"
"LAN-100","1","20","2026-03-22T05:18:41.3941358Z","100","100","23.092","{""message"":""Đồng bộ hoàn tất"",""totalSynced"":0,""pendingRecords"":100}"
"LAN-100","1","21","2026-03-22T05:18:43.4565228Z","100","100","22.211","{""message"":""Đồng bộ hoàn tất"",""totalSynced"":0,""pendingRecords"":100}"
"LAN-100","1","22","2026-03-22T05:18:45.5167880Z","100","100","20.827","{""message"":""Đồng bộ hoàn tất"",""totalSynced"":0,""pendingRecords"":100}"
"LAN-100","1","23","2026-03-22T05:18:47.5830011Z","100","100","21.924","{""message"":""Đồng bộ hoàn tất"",""totalSynced"":0,""pendingRecords"":100}"
"LAN-100","1","24","2026-03-22T05:18:49.6461175Z","100","100","22.402","{""message"":""Đồng bộ hoàn tất"",""totalSynced"":0,""pendingRecords"":100}"
"LAN-100","1","25","2026-03-22T05:18:51.7136003Z","100","100","20.778","{""message"":""Đồng bộ hoàn tất"",""totalSynced"":0,""pendingRecords"":100}"
"LAN-100","1","26","2026-03-22T05:18:53.7868743Z","100","100","21.732","{""message"":""Đồng bộ hoàn tất"",""totalSynced"":0,""pendingRecords"":100}"
"LAN-100","1","27","2026-03-22T05:18:55.8508418Z","100","100","21.758","{""message"":""Đồng bộ hoàn tất"",""totalSynced"":0,""pendingRecords"":100}"
"LAN-100","1","28","2026-03-22T05:18:57.9209108Z","100","102","21.032","{""message"":""Đồng bộ hoàn tất"",""totalSynced"":0,""pendingRecords"":100}"
"LAN-100","1","29","2026-03-22T05:18:59.9974025Z","102","102","32.335","{""message"":""Đồng bộ hoàn tất"",""totalSynced"":0,""pendingRecords"":102}"
"LAN-100","1","30","2026-03-22T05:19:02.0935194Z","102","102","49.852","{""message"":""Đồng bộ hoàn tất"",""totalSynced"":0,""pendingRecords"":102}"
"LAN-100","1","31","2026-03-22T05:19:04.1652193Z","102","102","23.736","{""message"":""Đồng bộ hoàn tất"",""totalSynced"":0,""pendingRecords"":102}"
"LAN-100","1","32","2026-03-22T05:19:06.2287875Z","102","102","21.459","{""message"":""Đồng bộ hoàn tất"",""totalSynced"":0,""pendingRecords"":102}"
"LAN-100","1","33","2026-03-22T05:19:08.2961001Z","102","102","20.66","{""message"":""Đồng bộ hoàn tất"",""totalSynced"":0,""pendingRecords"":102}"
"LAN-100","1","34","2026-03-22T05:19:10.3593461Z","102","102","21.014","{""message"":""Đồng bộ hoàn tất"",""totalSynced"":0,""pendingRecords"":102}"
"LAN-100","1","35","2026-03-22T05:19:12.4813443Z","102","102","21.678","{""message"":""Đồng bộ hoàn tất"",""totalSynced"":0,""pendingRecords"":102}"
"LAN-100","1","36","2026-03-22T05:19:14.5860247Z","102","102","33.779","{""message"":""Đồng bộ hoàn tất"",""totalSynced"":0,""pendingRecords"":102}"
"LAN-100","1","37","2026-03-22T05:19:16.6475204Z","102","102","20.547","{""message"":""Đồng bộ hoàn tất"",""totalSynced"":0,""pendingRecords"":102}"
"LAN-100","1","38","2026-03-22T05:19:18.7082262Z","102","102","20.774","{""message"":""Đồng bộ hoàn tất"",""totalSynced"":0,""pendingRecords"":102}"
"LAN-100","1","39","2026-03-22T05:19:20.7699725Z","102","102","24.126","{""message"":""Đồng bộ hoàn tất"",""totalSynced"":0,""pendingRecords"":102}"
"LAN-100","1","40","2026-03-22T05:19:22.8383053Z","102","102","22.801","{""message"":""Đồng bộ hoàn tất"",""totalSynced"":0,""pendingRecords"":102}"
"LAN-100","1","41","2026-03-22T05:19:24.9003815Z","102","102","23.912","{""message"":""Đồng bộ hoàn tất"",""totalSynced"":0,""pendingRecords"":102}"
"LAN-100","1","42","2026-03-22T05:19:26.9755051Z","102","102","23.358","{""message"":""Đồng bộ hoàn tất"",""totalSynced"":0,""pendingRecords"":102}"
"LAN-100","1","43","2026-03-22T05:19:29.0348609Z","102","102","22.022","{""message"":""Đồng bộ hoàn tất"",""totalSynced"":0,""pendingRecords"":102}"
"LAN-100","1","44","2026-03-22T05:19:31.1041327Z","102","102","21.017","{""message"":""Đồng bộ hoàn tất"",""totalSynced"":0,""pendingRecords"":102}"
"LAN-100","1","45","2026-03-22T05:19:33.1615625Z","102","102","20.786","{""message"":""Đồng bộ hoàn tất"",""totalSynced"":0,""pendingRecords"":102}"
"LAN-100","1","46","2026-03-22T05:19:35.2353009Z","102","102","21.964","{""message"":""Đồng bộ hoàn tất"",""totalSynced"":0,""pendingRecords"":102}"
"LAN-100","1","47","2026-03-22T05:19:37.3093499Z","102","102","24.446","{""message"":""Đồng bộ hoàn tất"",""totalSynced"":0,""pendingRecords"":102}"
"LAN-100","1","48","2026-03-22T05:19:39.3777190Z","102","102","21.051","{""message"":""Đồng bộ hoàn tất"",""totalSynced"":0,""pendingRecords"":102}"
"LAN-100","1","49","2026-03-22T05:19:41.4474223Z","102","102","21.703","{""message"":""Đồng bộ hoàn tất"",""totalSynced"":0,""pendingRecords"":102}"
"LAN-100","1","50","2026-03-22T05:19:43.5072911Z","102","102","21.502","{""message"":""Đồng bộ hoàn tất"",""totalSynced"":0,""pendingRecords"":102}"
"LAN-100","1","51","2026-03-22T05:19:45.5763931Z","102","102","21.746","{""message"":""Đồng bộ hoàn tất"",""totalSynced"":0,""pendingRecords"":102}"
"LAN-100","1","52","2026-03-22T05:19:47.6504384Z","102","102","24.239","{""message"":""Đồng bộ hoàn tất"",""totalSynced"":0,""pendingRecords"":102}"
"LAN-100","1","53","2026-03-22T05:19:49.7153233Z","102","102","21.062","{""message"":""Đồng bộ hoàn tất"",""totalSynced"":0,""pendingRecords"":102}"
"LAN-100","1","54","2026-03-22T05:19:51.7850903Z","102","102","20.943","{""message"":""Đồng bộ hoàn tất"",""totalSynced"":0,""pendingRecords"":102}"
"LAN-100","1","55","2026-03-22T05:19:53.8430496Z","102","102","21.107","{""message"":""Đồng bộ hoàn tất"",""totalSynced"":0,""pendingRecords"":102}"
"LAN-100","1","56","2026-03-22T05:19:55.9476178Z","102","102","61.712","{""message"":""Đồng bộ hoàn tất"",""totalSynced"":0,""pendingRecords"":102}"
"LAN-100","1","57","2026-03-22T05:19:58.0069230Z","102","102","20.064","{""message"":""Đồng bộ hoàn tất"",""totalSynced"":0,""pendingRecords"":102}"
"LAN-100","1","58","2026-03-22T05:20:00.0762221Z","102","104","31.324","{""message"":""Đồng bộ hoàn tất"",""totalSynced"":0,""pendingRecords"":102}"
"LAN-100","1","59","2026-03-22T05:20:02.1527862Z","104","104","30.774","{""message"":""Đồng bộ hoàn tất"",""totalSynced"":0,""pendingRecords"":104}"
"LAN-100","1","60","2026-03-22T05:20:04.2239073Z","104","104","22.12","{""message"":""Đồng bộ hoàn tất"",""totalSynced"":0,""pendingRecords"":104}"
"LAN-100","1","61","2026-03-22T05:20:06.2899067Z","104","104","20.509","{""message"":""Đồng bộ hoàn tất"",""totalSynced"":0,""pendingRecords"":104}"
"LAN-100","1","62","2026-03-22T05:20:08.3545227Z","104","104","20.706","{""message"":""Đồng bộ hoàn tất"",""totalSynced"":0,""pendingRecords"":104}"
"LAN-100","1","63","2026-03-22T05:20:10.4214640Z","104","104","20.308","{""message"":""Đồng bộ hoàn tất"",""totalSynced"":0,""pendingRecords"":104}"
"LAN-100","1","64","2026-03-22T05:20:12.5036561Z","104","104","21.017","{""message"":""Đồng bộ hoàn tất"",""totalSynced"":0,""pendingRecords"":104}"
"LAN-100","1","65","2026-03-22T05:20:14.6005703Z","104","104","30.336","{""message"":""Đồng bộ hoàn tất"",""totalSynced"":0,""pendingRecords"":104}"
"LAN-100","1","66","2026-03-22T05:20:16.6664831Z","104","104","19.551","{""message"":""Đồng bộ hoàn tất"",""totalSynced"":0,""pendingRecords"":104}"
"LAN-100","1","67","2026-03-22T05:20:18.7352927Z","104","104","20.037","{""message"":""Đồng bộ hoàn tất"",""totalSynced"":0,""pendingRecords"":104}"
"LAN-100","1","68","2026-03-22T05:20:20.7996994Z","104","104","19.248","{""message"":""Đồng bộ hoàn tất"",""totalSynced"":0,""pendingRecords"":104}"
"LAN-100","1","69","2026-03-22T05:20:22.8708131Z","104","104","20.746","{""message"":""Đồng bộ hoàn tất"",""totalSynced"":0,""pendingRecords"":104}"
"LAN-100","1","70","2026-03-22T05:20:24.9714641Z","104","104","34.558","{""message"":""Đồng bộ hoàn tất"",""totalSynced"":0,""pendingRecords"":104}"
"LAN-100","1","71","2026-03-22T05:20:27.0486479Z","104","104","22.27","{""message"":""Đồng bộ hoàn tất"",""totalSynced"":0,""pendingRecords"":104}"
"LAN-100","1","72","2026-03-22T05:20:29.1188146Z","104","104","23.007","{""message"":""Đồng bộ hoàn tất"",""totalSynced"":0,""pendingRecords"":104}"
"LAN-100","1","73","2026-03-22T05:20:31.1838047Z","104","104","22.126","{""message"":""Đồng bộ hoàn tất"",""totalSynced"":0,""pendingRecords"":104}"
"LAN-100","1","74","2026-03-22T05:20:33.2503187Z","104","104","24.62","{""message"":""Đồng bộ hoàn tất"",""totalSynced"":0,""pendingRecords"":104}"
"LAN-100","1","75","2026-03-22T05:20:35.3162621Z","104","104","22.699","{""message"":""Đồng bộ hoàn tất"",""totalSynced"":0,""pendingRecords"":104}"
"LAN-100","1","76","2026-03-22T05:20:37.3892228Z","104","104","21.619","{""message"":""Đồng bộ hoàn tất"",""totalSynced"":0,""pendingRecords"":104}"
"LAN-100","1","77","2026-03-22T05:20:39.4523701Z","104","104","20.565","{""message"":""Đồng bộ hoàn tất"",""totalSynced"":0,""pendingRecords"":104}"
"LAN-100","1","78","2026-03-22T05:20:41.5180880Z","104","104","22.125","{""message"":""Đồng bộ hoàn tất"",""totalSynced"":0,""pendingRecords"":104}"
"LAN-100","1","79","2026-03-22T05:20:43.5859249Z","104","104","22.596","{""message"":""Đồng bộ hoàn tất"",""totalSynced"":0,""pendingRecords"":104}"
"LAN-100","1","80","2026-03-22T05:20:45.6513349Z","104","104","22.296","{""message"":""Đồng bộ hoàn tất"",""totalSynced"":0,""pendingRecords"":104}"
"LAN-100","1","81","2026-03-22T05:20:47.7069463Z","104","104","20.633","{""message"":""Đồng bộ hoàn tất"",""totalSynced"":0,""pendingRecords"":104}"
"LAN-100","1","82","2026-03-22T05:20:49.7776188Z","104","104","21.688","{""message"":""Đồng bộ hoàn tất"",""totalSynced"":0,""pendingRecords"":104}"
"LAN-100","1","83","2026-03-22T05:20:51.8591257Z","104","104","28.598","{""message"":""Đồng bộ hoàn tất"",""totalSynced"":0,""pendingRecords"":104}"
"LAN-100","1","84","2026-03-22T05:20:53.9295490Z","104","104","22.565","{""message"":""Đồng bộ hoàn tất"",""totalSynced"":0,""pendingRecords"":104}"
"LAN-100","1","85","2026-03-22T05:20:55.9948804Z","104","104","22.47","{""message"":""Đồng bộ hoàn tất"",""totalSynced"":0,""pendingRecords"":104}"
"LAN-100","1","86","2026-03-22T05:20:58.0640539Z","104","104","20.185","{""message"":""Đồng bộ hoàn tất"",""totalSynced"":0,""pendingRecords"":104}"
"LAN-100","1","87","2026-03-22T05:21:00.1304291Z","104","106","18.855","{""message"":""Đồng bộ hoàn tất"",""totalSynced"":0,""pendingRecords"":104}"
"LAN-100","1","88","2026-03-22T05:21:02.1976271Z","106","106","30.231","{""message"":""Đồng bộ hoàn tất"",""totalSynced"":0,""pendingRecords"":106}"
"LAN-100","1","89","2026-03-22T05:21:04.2643283Z","106","106","19.677","{""message"":""Đồng bộ hoàn tất"",""totalSynced"":0,""pendingRecords"":106}"
"LAN-100","1","90","2026-03-22T05:21:06.3311982Z","106","106","18.877","{""message"":""Đồng bộ hoàn tất"",""totalSynced"":0,""pendingRecords"":106}"
"LAN-100","1","91","2026-03-22T05:21:08.4008794Z","106","106","20.176","{""message"":""Đồng bộ hoàn tất"",""totalSynced"":0,""pendingRecords"":106}"
"LAN-100","1","92","2026-03-22T05:21:10.4557986Z","106","106","19.952","{""message"":""Đồng bộ hoàn tất"",""totalSynced"":0,""pendingRecords"":106}"
"LAN-100","1","93","2026-03-22T05:21:12.5637550Z","106","106","20.481","{""message"":""Đồng bộ hoàn tất"",""totalSynced"":0,""pendingRecords"":106}"
"LAN-100","1","94","2026-03-22T05:21:14.6592292Z","106","106","29.36","{""message"":""Đồng bộ hoàn tất"",""totalSynced"":0,""pendingRecords"":106}"
"LAN-100","1","95","2026-03-22T05:21:16.7340864Z","106","106","22.567","{""message"":""Đồng bộ hoàn tất"",""totalSynced"":0,""pendingRecords"":106}"
"LAN-100","1","96","2026-03-22T05:21:18.7975550Z","106","106","19.677","{""message"":""Đồng bộ hoàn tất"",""totalSynced"":0,""pendingRecords"":106}"
"LAN-100","1","97","2026-03-22T05:21:20.8587843Z","106","106","22.032","{""message"":""Đồng bộ hoàn tất"",""totalSynced"":0,""pendingRecords"":106}"
"LAN-100","1","98","2026-03-22T05:21:22.9281849Z","106","106","19.856","{""message"":""Đồng bộ hoàn tất"",""totalSynced"":0,""pendingRecords"":106}"
"LAN-100","1","99","2026-03-22T05:21:24.9844527Z","106","106","20.454","{""message"":""Đồng bộ hoàn tất"",""totalSynced"":0,""pendingRecords"":106}"
"LAN-100","1","100","2026-03-22T05:21:27.0445357Z","106","106","19.655","{""message"":""Đồng bộ hoàn tất"",""totalSynced"":0,""pendingRecords"":106}"
"LAN-100","1","101","2026-03-22T05:21:29.1088733Z","106","106","21.492","{""message"":""Đồng bộ hoàn tất"",""totalSynced"":0,""pendingRecords"":106}"
"LAN-100","1","102","2026-03-22T05:21:31.1675400Z","106","106","20.771","{""message"":""Đồng bộ hoàn tất"",""totalSynced"":0,""pendingRecords"":106}"
"LAN-100","1","103","2026-03-22T05:21:33.2253529Z","106","106","20.969","{""message"":""Đồng bộ hoàn tất"",""totalSynced"":0,""pendingRecords"":106}"
"LAN-100","1","104","2026-03-22T05:21:35.2869387Z","106","106","22.827","{""message"":""Đồng bộ hoàn tất"",""totalSynced"":0,""pendingRecords"":106}"
"LAN-100","1","105","2026-03-22T05:21:37.3552528Z","106","106","27.892","{""message"":""Đồng bộ hoàn tất"",""totalSynced"":0,""pendingRecords"":106}"
"LAN-100","1","106","2026-03-22T05:21:39.4223387Z","106","106","20.66","{""message"":""Đồng bộ hoàn tất"",""totalSynced"":0,""pendingRecords"":106}"
"LAN-100","1","107","2026-03-22T05:21:41.4832903Z","106","100","21.385","{""message"":""Đồng bộ hoàn tất"",""totalSynced"":0,""pendingRecords"":106}"
"LAN-100","1","108","2026-03-22T05:21:43.5523965Z","100","100","21.973","{""message"":""Đồng bộ hoàn tất"",""totalSynced"":0,""pendingRecords"":100}"
"LAN-100","1","109","2026-03-22T05:21:45.6111723Z","100","100","23.959","{""message"":""Đồng bộ hoàn tất"",""totalSynced"":0,""pendingRecords"":100}"
"LAN-100","1","110","2026-03-22T05:21:47.6768338Z","100","100","20.816","{""message"":""Đồng bộ hoàn tất"",""totalSynced"":0,""pendingRecords"":100}"
"LAN-100","1","111","2026-03-22T05:21:49.7454643Z","100","100","19.879","{""message"":""Đồng bộ hoàn tất"",""totalSynced"":0,""pendingRecords"":100}"
"LAN-100","1","112","2026-03-22T05:21:51.8067467Z","100","100","20.498","{""message"":""Đồng bộ hoàn tất"",""totalSynced"":0,""pendingRecords"":100}"
"LAN-100","1","113","2026-03-22T05:21:53.8674194Z","100","100","21.78","{""message"":""Đồng bộ hoàn tất"",""totalSynced"":0,""pendingRecords"":100}"
"LAN-100","1","114","2026-03-22T05:21:55.9416467Z","100","100","25.096","{""message"":""Đồng bộ hoàn tất"",""totalSynced"":0,""pendingRecords"":100}"
"LAN-100","1","115","2026-03-22T05:21:58.0077973Z","100","100","21.822","{""message"":""Đồng bộ hoàn tất"",""totalSynced"":0,""pendingRecords"":100}"
"LAN-100","1","116","2026-03-22T05:22:09.6618573Z","100","102","19.922","{""message"":""Đồng bộ hoàn tất"",""totalSynced"":0,""pendingRecords"":100}"
"LAN-100","1","117","2026-03-22T05:22:11.7394778Z","102","102","34.869","{""message"":""Đồng bộ hoàn tất"",""totalSynced"":0,""pendingRecords"":102}"
"LAN-100","1","118","2026-03-22T05:22:13.8020643Z","102","102","24.007","{""message"":""Đồng bộ hoàn tất"",""totalSynced"":0,""pendingRecords"":102}"
"LAN-100","1","119","2026-03-22T05:22:15.8704634Z","102","102","27.032","{""message"":""Đồng bộ hoàn tất"",""totalSynced"":0,""pendingRecords"":102}"
"LAN-100","1","120","2026-03-22T05:22:17.9376172Z","102","102","22.412","{""message"":""Đồng bộ hoàn tất"",""totalSynced"":0,""pendingRecords"":102}"
"LAN-100","1","121","2026-03-22T05:22:19.9974813Z","102","102","21.442","{""message"":""Đồng bộ hoàn tất"",""totalSynced"":0,""pendingRecords"":102}"
"LAN-100","1","122","2026-03-22T05:22:22.0685298Z","102","102","22.579","{""message"":""Đồng bộ hoàn tất"",""totalSynced"":0,""pendingRecords"":102}"
"LAN-100","1","123","2026-03-22T05:22:24.1278039Z","102","102","21.902","{""message"":""Đồng bộ hoàn tất"",""totalSynced"":0,""pendingRecords"":102}"
"LAN-100","1","124","2026-03-22T05:22:26.1998228Z","102","102","23.889","{""message"":""Đồng bộ hoàn tất"",""totalSynced"":0,""pendingRecords"":102}"
"LAN-100","1","125","2026-03-22T05:22:28.2785859Z","102","102","31.717","{""message"":""Đồng bộ hoàn tất"",""totalSynced"":0,""pendingRecords"":102}"
"LAN-100","1","126","2026-03-22T05:22:30.3482250Z","102","102","21.844","{""message"":""Đồng bộ hoàn tất"",""totalSynced"":0,""pendingRecords"":102}"
"LAN-100","1","127","2026-03-22T05:22:32.4344042Z","102","102","22.187","{""message"":""Đồng bộ hoàn tất"",""totalSynced"":0,""pendingRecords"":102}"
"LAN-100","1","128","2026-03-22T05:22:34.5690728Z","102","102","82.977","{""message"":""Đồng bộ hoàn tất"",""totalSynced"":0,""pendingRecords"":102}"
"LAN-100","1","129","2026-03-22T05:22:36.6351298Z","102","102","21.17","{""message"":""Đồng bộ hoàn tất"",""totalSynced"":0,""pendingRecords"":102}"
"LAN-100","1","130","2026-03-22T05:22:38.6996145Z","102","102","20.543","{""message"":""Đồng bộ hoàn tất"",""totalSynced"":0,""pendingRecords"":102}"
"LAN-100","1","131","2026-03-22T05:22:40.7660860Z","102","102","23.992","{""message"":""Đồng bộ hoàn tất"",""totalSynced"":0,""pendingRecords"":102}"
"LAN-100","1","132","2026-03-22T05:22:42.8422648Z","102","102","22.367","{""message"":""Đồng bộ hoàn tất"",""totalSynced"":0,""pendingRecords"":102}"
"LAN-100","1","133","2026-03-22T05:23:11.7502651Z","102","104","26851.886","{""message"":""Đồng bộ hoàn tất"",""totalSynced"":0,""pendingRecords"":104}"
"LAN-100","1","134","2026-03-22T05:23:13.8132802Z","104","104","20.568","{""message"":""Đồng bộ hoàn tất"",""totalSynced"":0,""pendingRecords"":104}"
"LAN-100","1","135","2026-03-22T05:23:15.8816131Z","104","104","20.696","{""message"":""Đồng bộ hoàn tất"",""totalSynced"":0,""pendingRecords"":104}"
"LAN-100","1","136","2026-03-22T05:23:17.9431427Z","104","104","20.706","{""message"":""Đồng bộ hoàn tất"",""totalSynced"":0,""pendingRecords"":104}"
"LAN-100","1","137","2026-03-22T05:23:20.0149346Z","104","104","21.448","{""message"":""Đồng bộ hoàn tất"",""totalSynced"":0,""pendingRecords"":104}"
"LAN-100","1","138","2026-03-22T05:23:22.0846662Z","104","104","20.096","{""message"":""Đồng bộ hoàn tất"",""totalSynced"":0,""pendingRecords"":104}"
"LAN-100","1","139","2026-03-22T05:23:24.1419702Z","104","104","21.053","{""message"":""Đồng bộ hoàn tất"",""totalSynced"":0,""pendingRecords"":104}"
"LAN-100","1","140","2026-03-22T05:23:26.2042793Z","104","104","22.356","{""message"":""Đồng bộ hoàn tất"",""totalSynced"":0,""pendingRecords"":104}"
"LAN-100","1","141","2026-03-22T05:23:28.2648312Z","104","104","23.231","{""message"":""Đồng bộ hoàn tất"",""totalSynced"":0,""pendingRecords"":104}"
"LAN-100","1","142","2026-03-22T05:23:30.3352438Z","104","104","21.221","{""message"":""Đồng bộ hoàn tất"",""totalSynced"":0,""pendingRecords"":104}"
"LAN-100","1","143","2026-03-22T05:23:32.3972490Z","104","104","20.792","{""message"":""Đồng bộ hoàn tất"",""totalSynced"":0,""pendingRecords"":104}"
"LAN-100","1","144","2026-03-22T05:23:34.5076719Z","104","104","43.803","{""message"":""Đồng bộ hoàn tất"",""totalSynced"":0,""pendingRecords"":104}"
"LAN-100","1","145","2026-03-22T05:23:36.5798078Z","104","104","21.812","{""message"":""Đồng bộ hoàn tất"",""totalSynced"":0,""pendingRecords"":104}"
"LAN-100","1","146","2026-03-22T05:23:38.6429017Z","104","104","19.862","{""message"":""Đồng bộ hoàn tất"",""totalSynced"":0,""pendingRecords"":104}"
"LAN-100","1","147","2026-03-22T05:23:40.6989301Z","104","104","20.248","{""message"":""Đồng bộ hoàn tất"",""totalSynced"":0,""pendingRecords"":104}"
"LAN-100","1","148","2026-03-22T05:23:42.7704871Z","104","104","23.279","{""message"":""Đồng bộ hoàn tất"",""totalSynced"":0,""pendingRecords"":104}"
"LAN-100","1","149","2026-03-22T05:23:44.8566600Z","104","104","31.179","{""message"":""Đồng bộ hoàn tất"",""totalSynced"":0,""pendingRecords"":104}"
"LAN-100","1","150","2026-03-22T05:24:11.7330255Z","106","106","42.055","{""message"":""Đồng bộ hoàn tất"",""totalSynced"":0,""pendingRecords"":106}"
"LAN-100","1","151","2026-03-22T05:24:13.8045541Z","106","106","21.883","{""message"":""Đồng bộ hoàn tất"",""totalSynced"":0,""pendingRecords"":106}"
"LAN-100","1","152","2026-03-22T05:24:15.8729318Z","106","106","22.153","{""message"":""Đồng bộ hoàn tất"",""totalSynced"":0,""pendingRecords"":106}"
"LAN-100","1","153","2026-03-22T05:24:17.9370546Z","106","106","23.716","{""message"":""Đồng bộ hoàn tất"",""totalSynced"":0,""pendingRecords"":106}"
"LAN-100","1","154","2026-03-22T05:24:20.0000283Z","106","106","21.97","{""message"":""Đồng bộ hoàn tất"",""totalSynced"":0,""pendingRecords"":106}"
"LAN-100","1","155","2026-03-22T05:24:22.0709617Z","106","106","21.988","{""message"":""Đồng bộ hoàn tất"",""totalSynced"":0,""pendingRecords"":106}"
"LAN-100","1","156","2026-03-22T05:24:24.1449202Z","106","106","21.775","{""message"":""Đồng bộ hoàn tất"",""totalSynced"":0,""pendingRecords"":106}"
"LAN-100","1","157","2026-03-22T05:24:26.2100108Z","106","106","22.219","{""message"":""Đồng bộ hoàn tất"",""totalSynced"":0,""pendingRecords"":106}"
"LAN-100","1","158","2026-03-22T05:24:28.2808779Z","106","106","22.958","{""message"":""Đồng bộ hoàn tất"",""totalSynced"":0,""pendingRecords"":106}"
"LAN-100","1","159","2026-03-22T05:24:30.3676911Z","106","106","27.047","{""message"":""Đồng bộ hoàn tất"",""totalSynced"":0,""pendingRecords"":106}"
"LAN-100","1","160","2026-03-22T05:24:32.4480929Z","106","106","25.842","{""message"":""Đồng bộ hoàn tất"",""totalSynced"":0,""pendingRecords"":106}"
"LAN-100","1","161","2026-03-22T05:24:34.5578765Z","106","106","42.749","{""message"":""Đồng bộ hoàn tất"",""totalSynced"":0,""pendingRecords"":106}"
"LAN-100","1","162","2026-03-22T05:24:36.6189180Z","106","106","21.717","{""message"":""Đồng bộ hoàn tất"",""totalSynced"":0,""pendingRecords"":106}"
"LAN-100","1","163","2026-03-22T05:24:38.6912976Z","106","106","21.021","{""message"":""Đồng bộ hoàn tất"",""totalSynced"":0,""pendingRecords"":106}"
"LAN-100","1","164","2026-03-22T05:24:40.7615139Z","106","106","21.862","{""message"":""Đồng bộ hoàn tất"",""totalSynced"":0,""pendingRecords"":106}"
"LAN-100","1","165","2026-03-22T05:24:42.8252661Z","106","106","22.015","{""message"":""Đồng bộ hoàn tất"",""totalSynced"":0,""pendingRecords"":106}"
"LAN-100","1","166","2026-03-22T05:25:09.6738291Z","106","108","34.619","{""message"":""Đồng bộ hoàn tất"",""totalSynced"":0,""pendingRecords"":106}"
"LAN-100","1","167","2026-03-22T05:25:11.7492867Z","108","108","32.601","{""message"":""Đồng bộ hoàn tất"",""totalSynced"":0,""pendingRecords"":108}"
"LAN-100","1","168","2026-03-22T05:25:13.8087257Z","108","108","21.785","{""message"":""Đồng bộ hoàn tất"",""totalSynced"":0,""pendingRecords"":108}"
"LAN-100","1","169","2026-03-22T05:25:15.8743247Z","108","108","21.891","{""message"":""Đồng bộ hoàn tất"",""totalSynced"":0,""pendingRecords"":108}"
"LAN-100","1","170","2026-03-22T05:25:17.9453782Z","108","108","23.404","{""message"":""Đồng bộ hoàn tất"",""totalSynced"":0,""pendingRecords"":108}"
"LAN-100","1","171","2026-03-22T05:25:20.0125694Z","108","108","21.624","{""message"":""Đồng bộ hoàn tất"",""totalSynced"":0,""pendingRecords"":108}"
"LAN-100","1","172","2026-03-22T05:25:22.0830573Z","108","108","22.693","{""message"":""Đồng bộ hoàn tất"",""totalSynced"":0,""pendingRecords"":108}"
"LAN-100","1","173","2026-03-22T05:25:24.1435482Z","108","108","21.459","{""message"":""Đồng bộ hoàn tất"",""totalSynced"":0,""pendingRecords"":108}"
"LAN-100","1","174","2026-03-22T05:25:26.2097242Z","108","108","22.867","{""message"":""Đồng bộ hoàn tất"",""totalSynced"":0,""pendingRecords"":108}"
"LAN-100","1","175","2026-03-22T05:25:28.2761532Z","108","108","21.768","{""message"":""Đồng bộ hoàn tất"",""totalSynced"":0,""pendingRecords"":108}"
"LAN-100","1","176","2026-03-22T05:25:30.3443619Z","108","108","20.792","{""message"":""Đồng bộ hoàn tất"",""totalSynced"":0,""pendingRecords"":108}"
"LAN-100","1","177","2026-03-22T05:25:32.4125136Z","108","108","22.724","{""message"":""Đồng bộ hoàn tất"",""totalSynced"":0,""pendingRecords"":108}"
"LAN-100","1","178","2026-03-22T05:25:34.4790882Z","108","108","21.735","{""message"":""Đồng bộ hoàn tất"",""totalSynced"":0,""pendingRecords"":108}"
"LAN-100","1","179","2026-03-22T05:25:36.5434503Z","108","108","21.774","{""message"":""Đồng bộ hoàn tất"",""totalSynced"":0,""pendingRecords"":108}"
"LAN-100","1","180","2026-03-22T05:25:38.6078350Z","108","108","21.876","{""message"":""Đồng bộ hoàn tất"",""totalSynced"":0,""pendingRecords"":108}"
"LAN-100","1","181","2026-03-22T05:25:40.6685724Z","108","108","21.698","{""message"":""Đồng bộ hoàn tất"",""totalSynced"":0,""pendingRecords"":108}"
"LAN-100","1","182","2026-03-22T05:25:42.7513708Z","108","108","21.856","{""message"":""Đồng bộ hoàn tất"",""totalSynced"":0,""pendingRecords"":108}"
"LAN-100","1","183","2026-03-22T05:26:11.8068394Z","108","110","26990.764","{""message"":""Đồng bộ hoàn tất"",""totalSynced"":0,""pendingRecords"":110}"
"LAN-100","1","184","2026-03-22T05:26:13.8656786Z","110","110","23.095","{""message"":""Đồng bộ hoàn tất"",""totalSynced"":0,""pendingRecords"":110}"
"LAN-100","1","185","2026-03-22T05:26:15.9330951Z","110","110","25.127","{""message"":""Đồng bộ hoàn tất"",""totalSynced"":0,""pendingRecords"":110}"
"LAN-100","1","186","2026-03-22T05:26:18.0121662Z","110","110","27.771","{""message"":""Đồng bộ hoàn tất"",""totalSynced"":0,""pendingRecords"":110}"
"LAN-100","1","187","2026-03-22T05:26:20.0742637Z","110","110","24.195","{""message"":""Đồng bộ hoàn tất"",""totalSynced"":0,""pendingRecords"":110}"
"LAN-100","1","188","2026-03-22T05:26:22.1342764Z","110","110","21.591","{""message"":""Đồng bộ hoàn tất"",""totalSynced"":0,""pendingRecords"":110}"
"LAN-100","1","189","2026-03-22T05:26:24.2045868Z","110","110","22.19","{""message"":""Đồng bộ hoàn tất"",""totalSynced"":0,""pendingRecords"":110}"
"LAN-100","1","190","2026-03-22T05:26:26.2644331Z","110","110","21.422","{""message"":""Đồng bộ hoàn tất"",""totalSynced"":0,""pendingRecords"":110}"
"LAN-100","1","191","2026-03-22T05:26:28.3316268Z","110","110","21.111","{""message"":""Đồng bộ hoàn tất"",""totalSynced"":0,""pendingRecords"":110}"
"LAN-100","1","192","2026-03-22T05:26:30.3977167Z","110","110","22.455","{""message"":""Đồng bộ hoàn tất"",""totalSynced"":0,""pendingRecords"":110}"
"LAN-100","1","193","2026-03-22T05:26:32.4569974Z","110","110","21.018","{""message"":""Đồng bộ hoàn tất"",""totalSynced"":0,""pendingRecords"":110}"
"LAN-100","1","194","2026-03-22T05:26:34.5160184Z","110","110","20.672","{""message"":""Đồng bộ hoàn tất"",""totalSynced"":0,""pendingRecords"":110}"
"LAN-100","1","195","2026-03-22T05:26:36.5838080Z","110","110","21.564","{""message"":""Đồng bộ hoàn tất"",""totalSynced"":0,""pendingRecords"":110}"
"LAN-100","1","196","2026-03-22T05:26:38.6486566Z","110","110","21.818","{""message"":""Đồng bộ hoàn tất"",""totalSynced"":0,""pendingRecords"":110}"
"LAN-100","1","197","2026-03-22T05:26:40.7118371Z","110","110","22.186","{""message"":""Đồng bộ hoàn tất"",""totalSynced"":0,""pendingRecords"":110}"
"LAN-100","1","198","2026-03-22T05:26:42.8175956Z","110","110","22.518","{""message"":""Đồng bộ hoàn tất"",""totalSynced"":0,""pendingRecords"":110}"
"LAN-100","1","199","2026-03-22T05:26:44.9412291Z","110","110","37.222","{""message"":""Đồng bộ hoàn tất"",""totalSynced"":0,""pendingRecords"":110}"
"LAN-100","1","200","2026-03-22T05:26:47.0101981Z","110","110","21.916","{""message"":""Đồng bộ hoàn tất"",""totalSynced"":0,""pendingRecords"":110}"
"LAN-100","1","201","2026-03-22T05:26:49.0736000Z","110","110","20.229","{""message"":""Đồng bộ hoàn tất"",""totalSynced"":0,""pendingRecords"":110}"
"LAN-100","1","202","2026-03-22T05:26:51.1316747Z","110","110","20.311","{""message"":""Đồng bộ hoàn tất"",""totalSynced"":0,""pendingRecords"":110}"
"LAN-100","1","203","2026-03-22T05:26:53.1884248Z","110","110","21.723","{""message"":""Đồng bộ hoàn tất"",""totalSynced"":0,""pendingRecords"":110}"
"LAN-100","1","204","2026-03-22T05:26:55.2500502Z","110","110","20.873","{""message"":""Đồng bộ hoàn tất"",""totalSynced"":0,""pendingRecords"":110}"
"LAN-100","1","205","2026-03-22T05:26:57.3183464Z","110","110","21.737","{""message"":""Đồng bộ hoàn tất"",""totalSynced"":0,""pendingRecords"":110}"
"LAN-100","1","206","2026-03-22T05:26:59.3999103Z","110","110","20.61","{""message"":""Đồng bộ hoàn tất"",""totalSynced"":0,""pendingRecords"":110}"
"LAN-100","1","207","2026-03-22T05:27:01.4975631Z","110","110","32.356","{""message"":""Đồng bộ hoàn tất"",""totalSynced"":0,""pendingRecords"":110}"
"LAN-100","1","208","2026-03-22T05:27:03.5644888Z","110","110","21.361","{""message"":""Đồng bộ hoàn tất"",""totalSynced"":0,""pendingRecords"":110}"
"LAN-100","1","209","2026-03-22T05:27:05.6287204Z","110","110","21.975","{""message"":""Đồng bộ hoàn tất"",""totalSynced"":0,""pendingRecords"":110}"
"LAN-100","1","210","2026-03-22T05:27:07.7068372Z","110","110","31.515","{""message"":""Đồng bộ hoàn tất"",""totalSynced"":0,""pendingRecords"":110}"
"LAN-100","1","211","2026-03-22T05:27:09.7807601Z","110","112","21.618","{""message"":""Đồng bộ hoàn tất"",""totalSynced"":0,""pendingRecords"":110}"
"LAN-100","1","212","2026-03-22T05:27:11.8857273Z","112","112","58.287","{""message"":""Đồng bộ hoàn tất"",""totalSynced"":0,""pendingRecords"":112}"
"LAN-100","1","213","2026-03-22T05:27:13.9616362Z","112","112","23.68","{""message"":""Đồng bộ hoàn tất"",""totalSynced"":0,""pendingRecords"":112}"
"LAN-100","1","214","2026-03-22T05:27:16.0246539Z","112","112","23.709","{""message"":""Đồng bộ hoàn tất"",""totalSynced"":0,""pendingRecords"":112}"
"LAN-100","1","215","2026-03-22T05:27:18.0899384Z","112","112","19.876","{""message"":""Đồng bộ hoàn tất"",""totalSynced"":0,""pendingRecords"":112}"
"LAN-100","1","216","2026-03-22T05:27:20.1500972Z","112","112","21.887","{""message"":""Đồng bộ hoàn tất"",""totalSynced"":0,""pendingRecords"":112}"
"LAN-100","1","217","2026-03-22T05:27:22.2103240Z","112","112","21.5","{""message"":""Đồng bộ hoàn tất"",""totalSynced"":0,""pendingRecords"":112}"
"LAN-100","1","218","2026-03-22T05:27:24.2693962Z","112","112","20.966","{""message"":""Đồng bộ hoàn tất"",""totalSynced"":0,""pendingRecords"":112}"
"LAN-100","1","219","2026-03-22T05:27:26.3315468Z","112","112","21.365","{""message"":""Đồng bộ hoàn tất"",""totalSynced"":0,""pendingRecords"":112}"
"LAN-100","1","220","2026-03-22T05:27:28.3982571Z","112","112","20.83","{""message"":""Đồng bộ hoàn tất"",""totalSynced"":0,""pendingRecords"":112}"
"LAN-100","1","221","2026-03-22T05:27:30.4631791Z","112","112","20.633","{""message"":""Đồng bộ hoàn tất"",""totalSynced"":0,""pendingRecords"":112}"
"LAN-100","1","222","2026-03-22T05:27:32.5252748Z","112","112","21.221","{""message"":""Đồng bộ hoàn tất"",""totalSynced"":0,""pendingRecords"":112}"
"LAN-100","1","223","2026-03-22T05:27:34.5939955Z","112","112","20.635","{""message"":""Đồng bộ hoàn tất"",""totalSynced"":0,""pendingRecords"":112}"
"LAN-100","1","224","2026-03-22T05:27:36.6650974Z","112","112","20.486","{""message"":""Đồng bộ hoàn tất"",""totalSynced"":0,""pendingRecords"":112}"
"LAN-100","1","225","2026-03-22T05:27:38.7311138Z","112","112","21.233","{""message"":""Đồng bộ hoàn tất"",""totalSynced"":0,""pendingRecords"":112}"
"LAN-100","1","226","2026-03-22T05:27:40.7948993Z","112","112","21.076","{""message"":""Đồng bộ hoàn tất"",""totalSynced"":0,""pendingRecords"":112}"
"LAN-100","1","227","2026-03-22T05:27:42.8742275Z","112","112","20.325","{""message"":""Đồng bộ hoàn tất"",""totalSynced"":0,""pendingRecords"":112}"
"LAN-100","1","228","2026-03-22T05:27:44.9640195Z","112","112","34.888","{""message"":""Đồng bộ hoàn tất"",""totalSynced"":0,""pendingRecords"":112}"
"LAN-100","1","229","2026-03-22T05:27:47.0261862Z","112","112","23.696","{""message"":""Đồng bộ hoàn tất"",""totalSynced"":0,""pendingRecords"":112}"
"LAN-100","1","230","2026-03-22T05:27:49.0924911Z","112","112","20.049","{""message"":""Đồng bộ hoàn tất"",""totalSynced"":0,""pendingRecords"":112}"
"LAN-100","1","231","2026-03-22T05:27:51.1622302Z","112","112","19.84","{""message"":""Đồng bộ hoàn tất"",""totalSynced"":0,""pendingRecords"":112}"
"LAN-100","1","232","2026-03-22T05:27:53.2263024Z","112","112","23.658","{""message"":""Đồng bộ hoàn tất"",""totalSynced"":0,""pendingRecords"":112}"
"LAN-100","1","233","2026-03-22T05:27:55.2860469Z","112","112","21.362","{""message"":""Đồng bộ hoàn tất"",""totalSynced"":0,""pendingRecords"":112}"
"LAN-100","1","234","2026-03-22T05:27:57.3443613Z","112","112","20.806","{""message"":""Đồng bộ hoàn tất"",""totalSynced"":0,""pendingRecords"":112}"
"LAN-100","1","235","2026-03-22T05:27:59.4238665Z","112","112","21.806","{""message"":""Đồng bộ hoàn tất"",""totalSynced"":0,""pendingRecords"":112}"
"LAN-100","1","236","2026-03-22T05:28:01.5304861Z","112","112","46.222","{""message"":""Đồng bộ hoàn tất"",""totalSynced"":0,""pendingRecords"":112}"
"LAN-100","1","237","2026-03-22T05:28:03.5969872Z","112","112","21.314","{""message"":""Đồng bộ hoàn tất"",""totalSynced"":0,""pendingRecords"":112}"
"LAN-100","1","238","2026-03-22T05:28:05.6618728Z","112","112","20.926","{""message"":""Đồng bộ hoàn tất"",""totalSynced"":0,""pendingRecords"":112}"
"LAN-100","1","239","2026-03-22T05:28:07.7358034Z","112","112","23.023","{""message"":""Đồng bộ hoàn tất"",""totalSynced"":0,""pendingRecords"":112}"
"LAN-100","1","240","2026-03-22T05:28:09.8104525Z","112","112","22.599","{""message"":""Đồng bộ hoàn tất"",""totalSynced"":0,""pendingRecords"":112}"
"LAN-100","1","241","2026-03-22T05:28:11.9036950Z","112","114","49.524","{""message"":""Đồng bộ hoàn tất"",""totalSynced"":0,""pendingRecords"":112}"
"LAN-100","1","242","2026-03-22T05:28:13.9813266Z","114","114","32.596","{""message"":""Đồng bộ hoàn tất"",""totalSynced"":0,""pendingRecords"":114}"
"LAN-100","1","243","2026-03-22T05:28:16.0457773Z","114","114","24.176","{""message"":""Đồng bộ hoàn tất"",""totalSynced"":0,""pendingRecords"":114}"
"LAN-100","1","244","2026-03-22T05:28:18.1116822Z","114","114","21.985","{""message"":""Đồng bộ hoàn tất"",""totalSynced"":0,""pendingRecords"":114}"
"LAN-100","1","245","2026-03-22T05:28:20.1772587Z","114","114","19.501","{""message"":""Đồng bộ hoàn tất"",""totalSynced"":0,""pendingRecords"":114}"
"LAN-100","1","246","2026-03-22T05:28:22.2463802Z","114","114","19.884","{""message"":""Đồng bộ hoàn tất"",""totalSynced"":0,""pendingRecords"":114}"
"LAN-100","1","247","2026-03-22T05:28:24.3059686Z","114","114","21.321","{""message"":""Đồng bộ hoàn tất"",""totalSynced"":0,""pendingRecords"":114}"
"LAN-100","1","248","2026-03-22T05:28:26.3732848Z","114","114","22.604","{""message"":""Đồng bộ hoàn tất"",""totalSynced"":0,""pendingRecords"":114}"
"LAN-100","1","249","2026-03-22T05:28:28.4413570Z","114","114","21.33","{""message"":""Đồng bộ hoàn tất"",""totalSynced"":0,""pendingRecords"":114}"
"LAN-100","1","250","2026-03-22T05:28:30.5036541Z","114","114","21.064","{""message"":""Đồng bộ hoàn tất"",""totalSynced"":0,""pendingRecords"":114}"
"LAN-100","1","251","2026-03-22T05:28:32.5711351Z","114","114","19.552","{""message"":""Đồng bộ hoàn tất"",""totalSynced"":0,""pendingRecords"":114}"
"LAN-100","1","252","2026-03-22T05:28:34.6364777Z","114","114","24.334","{""message"":""Đồng bộ hoàn tất"",""totalSynced"":0,""pendingRecords"":114}"
"LAN-100","1","253","2026-03-22T05:28:36.7016344Z","114","114","19.469","{""message"":""Đồng bộ hoàn tất"",""totalSynced"":0,""pendingRecords"":114}"
"LAN-100","1","254","2026-03-22T05:28:38.7687612Z","114","114","19.354","{""message"":""Đồng bộ hoàn tất"",""totalSynced"":0,""pendingRecords"":114}"
"LAN-100","1","255","2026-03-22T05:28:40.8330460Z","114","114","19.656","{""message"":""Đồng bộ hoàn tất"",""totalSynced"":0,""pendingRecords"":114}"
"LAN-100","1","256","2026-03-22T05:28:42.8951601Z","114","114","19.489","{""message"":""Đồng bộ hoàn tất"",""totalSynced"":0,""pendingRecords"":114}"
"LAN-100","1","257","2026-03-22T05:28:44.9779605Z","114","114","31.663","{""message"":""Đồng bộ hoàn tất"",""totalSynced"":0,""pendingRecords"":114}"
"LAN-100","1","258","2026-03-22T05:28:47.0449078Z","114","114","25.725","{""message"":""Đồng bộ hoàn tất"",""totalSynced"":0,""pendingRecords"":114}"
"LAN-100","1","259","2026-03-22T05:28:49.1147908Z","114","114","20.255","{""message"":""Đồng bộ hoàn tất"",""totalSynced"":0,""pendingRecords"":114}"
"LAN-100","1","260","2026-03-22T05:28:51.1701156Z","114","114","20.121","{""message"":""Đồng bộ hoàn tất"",""totalSynced"":0,""pendingRecords"":114}"
"LAN-100","1","261","2026-03-22T05:28:53.2308917Z","114","114","19.501","{""message"":""Đồng bộ hoàn tất"",""totalSynced"":0,""pendingRecords"":114}"
"LAN-100","1","262","2026-03-22T05:28:55.2979096Z","114","114","19.619","{""message"":""Đồng bộ hoàn tất"",""totalSynced"":0,""pendingRecords"":114}"
"LAN-100","1","263","2026-03-22T05:28:57.3537195Z","114","114","19.549","{""message"":""Đồng bộ hoàn tất"",""totalSynced"":0,""pendingRecords"":114}"
"LAN-100","1","264","2026-03-22T05:28:59.4150800Z","114","114","19.156","{""message"":""Đồng bộ hoàn tất"",""totalSynced"":0,""pendingRecords"":114}"
"LAN-100","1","265","2026-03-22T05:29:01.4896575Z","114","114","25.821","{""message"":""Đồng bộ hoàn tất"",""totalSynced"":0,""pendingRecords"":114}"
"LAN-100","1","266","2026-03-22T05:29:03.5554551Z","114","114","19.702","{""message"":""Đồng bộ hoàn tất"",""totalSynced"":0,""pendingRecords"":114}"
"LAN-100","1","267","2026-03-22T05:29:05.6197901Z","114","114","19.607","{""message"":""Đồng bộ hoàn tất"",""totalSynced"":0,""pendingRecords"":114}"
"LAN-100","1","268","2026-03-22T05:29:07.6885914Z","114","114","21.084","{""message"":""Đồng bộ hoàn tất"",""totalSynced"":0,""pendingRecords"":114}"
"LAN-100","1","269","2026-03-22T05:29:09.7545943Z","114","114","20.224","{""message"":""Đồng bộ hoàn tất"",""totalSynced"":0,""pendingRecords"":114}"
"LAN-100","1","270","2026-03-22T05:29:11.8239876Z","114","116","30.635","{""message"":""Đồng bộ hoàn tất"",""totalSynced"":0,""pendingRecords"":114}"
"LAN-100","1","271","2026-03-22T05:29:13.9000645Z","116","116","28.923","{""message"":""Đồng bộ hoàn tất"",""totalSynced"":0,""pendingRecords"":116}"
"LAN-100","1","272","2026-03-22T05:29:15.9655481Z","116","116","28.63","{""message"":""Đồng bộ hoàn tất"",""totalSynced"":0,""pendingRecords"":116}"
"LAN-100","1","273","2026-03-22T05:29:18.0273687Z","116","116","21.287","{""message"":""Đồng bộ hoàn tất"",""totalSynced"":0,""pendingRecords"":116}"
"LAN-100","1","274","2026-03-22T05:29:20.0839757Z","116","116","20.946","{""message"":""Đồng bộ hoàn tất"",""totalSynced"":0,""pendingRecords"":116}"
"LAN-100","1","275","2026-03-22T05:29:22.1540214Z","116","116","21.001","{""message"":""Đồng bộ hoàn tất"",""totalSynced"":0,""pendingRecords"":116}"
"LAN-100","1","276","2026-03-22T05:29:24.2124518Z","116","116","19.088","{""message"":""Đồng bộ hoàn tất"",""totalSynced"":0,""pendingRecords"":116}"
"LAN-100","1","277","2026-03-22T05:29:26.2675829Z","116","116","19.643","{""message"":""Đồng bộ hoàn tất"",""totalSynced"":0,""pendingRecords"":116}"
"LAN-100","1","278","2026-03-22T05:29:28.3327911Z","116","116","20.04","{""message"":""Đồng bộ hoàn tất"",""totalSynced"":0,""pendingRecords"":116}"
"LAN-100","1","279","2026-03-22T05:29:30.4006911Z","116","116","21.068","{""message"":""Đồng bộ hoàn tất"",""totalSynced"":0,""pendingRecords"":116}"
"LAN-100","1","280","2026-03-22T05:29:32.4704056Z","116","116","23.557","{""message"":""Đồng bộ hoàn tất"",""totalSynced"":0,""pendingRecords"":116}"
"LAN-100","1","281","2026-03-22T05:29:34.5323539Z","116","116","20.08","{""message"":""Đồng bộ hoàn tất"",""totalSynced"":0,""pendingRecords"":116}"
"LAN-100","1","282","2026-03-22T05:29:36.5870379Z","116","116","20.03","{""message"":""Đồng bộ hoàn tất"",""totalSynced"":0,""pendingRecords"":116}"
"LAN-100","1","283","2026-03-22T05:29:38.6532586Z","116","116","19.74","{""message"":""Đồng bộ hoàn tất"",""totalSynced"":0,""pendingRecords"":116}"
"LAN-100","1","284","2026-03-22T05:29:40.7188162Z","116","116","19.7","{""message"":""Đồng bộ hoàn tất"",""totalSynced"":0,""pendingRecords"":116}"
"LAN-100","1","285","2026-03-22T05:29:42.8148798Z","116","116","26.34","{""message"":""Đồng bộ hoàn tất"",""totalSynced"":0,""pendingRecords"":116}"
"LAN-100","1","286","2026-03-22T05:29:44.9594033Z","116","116","47.82","{""message"":""Đồng bộ hoàn tất"",""totalSynced"":0,""pendingRecords"":116}"
"LAN-100","1","287","2026-03-22T05:29:47.0255965Z","116","116","19.637","{""message"":""Đồng bộ hoàn tất"",""totalSynced"":0,""pendingRecords"":116}"
"LAN-100","1","288","2026-03-22T05:29:49.0953741Z","116","116","21.564","{""message"":""Đồng bộ hoàn tất"",""totalSynced"":0,""pendingRecords"":116}"
"LAN-100","1","289","2026-03-22T05:29:51.1577291Z","116","116","19.795","{""message"":""Đồng bộ hoàn tất"",""totalSynced"":0,""pendingRecords"":116}"
"LAN-100","1","290","2026-03-22T05:29:53.2159328Z","116","116","19.23","{""message"":""Đồng bộ hoàn tất"",""totalSynced"":0,""pendingRecords"":116}"
"LAN-100","1","291","2026-03-22T05:29:55.2706547Z","116","116","19.261","{""message"":""Đồng bộ hoàn tất"",""totalSynced"":0,""pendingRecords"":116}"
"LAN-100","1","292","2026-03-22T05:29:57.3351156Z","116","116","19.619","{""message"":""Đồng bộ hoàn tất"",""totalSynced"":0,""pendingRecords"":116}"
"LAN-100","1","293","2026-03-22T05:29:59.4175446Z","116","116","23.886","{""message"":""Đồng bộ hoàn tất"",""totalSynced"":0,""pendingRecords"":116}"
"LAN-100","1","294","2026-03-22T05:30:01.4991274Z","116","116","33.146","{""message"":""Đồng bộ hoàn tất"",""totalSynced"":0,""pendingRecords"":116}"
"LAN-100","1","295","2026-03-22T05:30:03.5636608Z","116","116","21.751","{""message"":""Đồng bộ hoàn tất"",""totalSynced"":0,""pendingRecords"":116}"
"LAN-100","1","296","2026-03-22T05:30:05.6311491Z","116","116","22.338","{""message"":""Đồng bộ hoàn tất"",""totalSynced"":0,""pendingRecords"":116}"
"LAN-100","1","297","2026-03-22T05:30:07.7027125Z","116","116","28.058","{""message"":""Đồng bộ hoàn tất"",""totalSynced"":0,""pendingRecords"":116}"
"LAN-100","1","298","2026-03-22T05:30:09.7653778Z","116","116","22.868","{""message"":""Đồng bộ hoàn tất"",""totalSynced"":0,""pendingRecords"":116}"
"LAN-100","1","299","2026-03-22T05:30:11.8540009Z","116","116","35.238","{""message"":""Đồng bộ hoàn tất"",""totalSynced"":0,""pendingRecords"":116}"
"LAN-100","1","300","2026-03-22T05:30:13.9327501Z","116","118","38.403","{""message"":""Đồng bộ hoàn tất"",""totalSynced"":0,""pendingRecords"":116}"
